/browse/collections/trails,/topics/trails
/browse/collections/travels,/topics/travels
/browse/places,/topics/places
/browse/places/ca,/topics/places/ca
/browse/places/ca/bc,/topics/places/ca/bc
/browse/places/us,/topics/places/us
/browse/places/us/ar,/topics/places/us/ar
/browse/places/us/az,/topics/places/us/az
/browse/places/us/ca,/topics/places/us/ca
/browse/places/us/co,/topics/places/us/co
/browse/places/us/dc,/topics/places/us/dc
/browse/places/us/ia,/topics/places/us/ia
/browse/places/us/id,/topics/places/us/id
/browse/places/us/il,/topics/places/us/il
/browse/places/us/ks,/topics/places/us/ks
/browse/places/us/ma,/topics/places/us/ma
/browse/places/us/me,/topics/places/us/me
/browse/places/us/mo,/topics/places/us/mo
/browse/places/us/mt,/topics/places/us/mt
/browse/places/us/nm,/topics/places/us/nm
/browse/places/us/nps-acad,/topics/places/us/nps-acad
/browse/places/us/nps-arch,/topics/places/us/nps-arch
/browse/places/us/nps-blca,/topics/places/us/nps-blca
/browse/places/us/nps-brca,/topics/places/us/nps-brca
/browse/places/us/nps-cany,/topics/places/us/nps-cany
/browse/places/us/nps-care,/topics/places/us/nps-care
/browse/places/us/nps-cave,/topics/places/us/nps-cave
/browse/places/us/nps-colm,/topics/places/us/nps-colm
/browse/places/us/nps-crla,/topics/places/us/nps-crla
/browse/places/us/nps-gicl,/topics/places/us/nps-gicl
/browse/places/us/nps-glac,/topics/places/us/nps-glac
/browse/places/us/nps-grca,/topics/places/us/nps-grca
/browse/places/us/nps-grsa,/topics/places/us/nps-grsa
/browse/places/us/nps-grte,/topics/places/us/nps-grte
/browse/places/us/nps-hosp,/topics/places/us/nps-hosp
/browse/places/us/nps-meve,/topics/places/us/nps-meve
/browse/places/us/nps-pefo,/topics/places/us/nps-pefo
/browse/places/us/nps-sagu,/topics/places/us/nps-sagu
/browse/places/us/nps-whsa,/topics/places/us/nps-whsa
/browse/places/us/nps-yose,/topics/places/us/nps-yose
/browse/places/us/nps-zion,/topics/places/us/nps-zion
/browse/places/us/nv,/topics/places/us/nv
/browse/places/us/or,/topics/places/us/or
/browse/places/us/ut,/topics/places/us/ut
/browse/places/us/wa,/topics/places/us/wa
/browse/places/us/wy,/topics/places/us/wy
/browse/tags,/topics
/browse/tags/api,/topics/api
/browse/tags/applescript,/topics/applescript
/browse/tags/asset,/topics/asset
/browse/tags/automation,/topics/automation
/browse/tags/aws-ec2,/topics/aws-ec2
/browse/tags/aws-sqs,/topics/aws-sqs
/browse/tags/backup,/topics/backup
/browse/tags/balloon-fiesta,/topics/balloon-fiesta
/browse/tags/bank-card,/topics/bank-card
/browse/tags/barcode,/topics/barcode
/browse/tags/batch,/topics/batch
/browse/tags/blobs,/topics/blobs
/browse/tags/blog,/topics/blog
/browse/tags/bosh,/topics/bosh
/browse/tags/box,/topics/box
/browse/tags/checksum,/topics/checksum
/browse/tags/code,/topics/code
/browse/tags/color,/topics/color
/browse/tags/concourse,/topics/concourse
/browse/tags/consul,/topics/consul
/browse/tags/data,/topics/data
/browse/tags/dependencies,/topics/dependencies
/browse/tags/deploy,/topics/deploy
/browse/tags/deployment,/topics/deployment
/browse/tags/diff,/topics/diff
/browse/tags/docker,/topics/docker
/browse/tags/dymo,/topics/dymo
/browse/tags/dynamic,/topics/dynamic
/browse/tags/ecommerce,/topics/ecommerce
/browse/tags/elasticsearch,/topics/elasticsearch
/browse/tags/endicia,/topics/endicia
/browse/tags/etl,/topics/etl
/browse/tags/forms,/topics/forms
/browse/tags/gallery,/topics/gallery
/browse/tags/gearman,/topics/gearman
/browse/tags/golang,/topics/golang
/browse/tags/gorm,/topics/gorm
/browse/tags/gpg,/topics/gpg
/browse/tags/hazel,/topics/hazel
/browse/tags/hierarchy,/topics/hierarchy
/browse/tags/hsv,/topics/hsv
/browse/tags/hugo,/topics/hugo
/browse/tags/iiif,/topics/iiif
/browse/tags/iiif-image-api,/topics/iiif-image-api
/browse/tags/iphoto,/topics/iphoto
/browse/tags/javascript,/topics/javascript
/browse/tags/jekyll,/topics/jekyll
/browse/tags/jekyllrb,/topics/jekyllrb
/browse/tags/jq,/topics/jq
/browse/tags/jsonl,/topics/jsonl
/browse/tags/jsonlines,/topics/jsonlines
/browse/tags/kubernetes,/topics/kubernetes
/browse/tags/label,/topics/label
/browse/tags/language,/topics/language
/browse/tags/launchd,/topics/launchd
/browse/tags/manifest,/topics/manifest
/browse/tags/meta4,/topics/meta4
/browse/tags/metalink,/topics/metalink
/browse/tags/metalink-repository,/topics/metalink-repository
/browse/tags/microdata,/topics/microdata
/browse/tags/migration,/topics/migration
/browse/tags/nested,/topics/nested
/browse/tags/nodejs,/topics/nodejs
/browse/tags/opensource,/topics/opensource
/browse/tags/openvpn,/topics/openvpn
/browse/tags/osx,/topics/osx
/browse/tags/pachyderm,/topics/pachyderm
/browse/tags/package,/topics/package
/browse/tags/pcntl,/topics/pcntl
/browse/tags/phar,/topics/phar
/browse/tags/photo,/topics/photo
/browse/tags/php,/topics/php
/browse/tags/pipeline,/topics/pipeline
/browse/tags/product,/topics/product
/browse/tags/qr,/topics/qr
/browse/tags/reader,/topics/reader
/browse/tags/reflect,/topics/reflect
/browse/tags/retail,/topics/retail
/browse/tags/ruby,/topics/ruby
/browse/tags/s3,/topics/s3
/browse/tags/scan,/topics/scan
/browse/tags/schema,/topics/schema
/browse/tags/schema.org,/topics/schema.org
/browse/tags/scs-utils,/topics/scs-utils
/browse/tags/search,/topics/search
/browse/tags/service-discovery,/topics/service-discovery
/browse/tags/signatures,/topics/signatures
/browse/tags/storage,/topics/storage
/browse/tags/struct,/topics/struct
/browse/tags/structured-data,/topics/structured-data
/browse/tags/taxonomy,/topics/taxonomy
/browse/tags/tsv,/topics/tsv
/browse/tags/usps,/topics/usps
/browse/tags/weighted,/topics/weighted
/browse/tags/xpath,/topics/xpath
/browse/tags/xslt,/topics/xslt
/browse/types/post,/topics/types/post
/projects,/topics/projects
/projects/bosh-release-resource,/topics/bosh-release-resource
/projects/gget,/topics/gget
/projects/metalink,/topics/metalink
/projects/openvpn-bosh-release,/topics/openvpn-bosh-release
/projects/ssoca,/topics/ssoca
/projects/website,/topics/website
